{
  "numberComponents": 8,
  "ingredientIndices": [
    0,
    1,
    4,
    10,
    16,
    17,
    33
  ],
  "indicesNearMisses": [
    2,
    7,
    8,
    11,
    12,
    14,
    18,
    21,
    22,
    24,
    26,
    31,
    32,
    35,
    37,
    39,
    40,
    44,
    46,
    52,
    53
  ],
  "beta": {
    "row_0": [
      0.14649970632231937,
      0.15110298210670317,
      0.14215478992530656,
      0.1710329898198107,
      0.14310546422148346,
      0.14391388406658098,
      0.16924669371483886,
      0.18404317336626327
    ],
    "row_1": [
      0.14657611432943635,
      0.15110298210670317,
      0.14215478992530656,
      0.18583438243361164,
      0.14310546422148346,
      0.14391388406658098,
      0.19969991135692036,
      0.1576787980637488
    ],
    "row_2": [
      0.12300657975636976,
      0.12683858380810542,
      0.1449998204955746,
      0.09688113051242787,
      0.1431054514268583,
      0.1439138711996774,
      0.19137150211821044,
      0.17432177468453497
    ],
    "row_3": [
      0.15426756594589697,
      0.14150858397904179,
      0.14159593825868774,
      0.08616219534365345,
      0.14097908554855654,
      0.14118704254784703,
      0.08941178166033306,
      0.04929943372503166
    ],
    "row_4": [
      0.1425874809649098,
      0.1423843153183787,
      0.14247221019335932,
      0.07951513194901394,
      0.143082083379853,
      0.14270771346908606,
      0.1626556247689661,
      0.1433568439505755
    ],
    "row_5": [
      0.14258750986109092,
      0.14258750986109092,
      0.1426386102593824,
      0.19883895237022386,
      0.1426386102593824,
      0.14023712979289726,
      0.04316155688396606,
      0.1468206418554452
    ],
    "row_6": [
      0.1444750428199768,
      0.1444750428199768,
      0.1439838409423828,
      0.18173521757125854,
      0.1439838409423828,
      0.14412647485733032,
      0.14445292949676514,
      0.14447933435440063
    ]
  }
}